<?xml version="1.0" encoding="utf-8" ?>
<Defs>

	<ThingDef ParentName="BuildingBase">
		<defName>CIWS_WindTurbine</defName>
		<thingClass>Building</thingClass>
		<label>低风阻风力发电机</label>
		<description>经过流体力学的再设计，让风力发电机本身的风阻大大降低，基本可以忽略。</description>
		<graphicData>
			<texPath>Things/Building/Power/WindTurbine/WindTurbineBody</texPath>
			<graphicClass>Graphic_Multi</graphicClass>
			<drawSize>(5,2)</drawSize>
			<shadowData>
				<volume>(0.6, 1.0, 1.6)</volume>
				<offset>(-0.1,0,-0.08)</offset>
			</shadowData>
			<damageData>
				<rect>(2,0.15,1,1.4)</rect>
			</damageData>
		</graphicData>
		<uiIconPath>Things/Building/Power/WindTurbine/WindTurbine_MenuIcon</uiIconPath>
		<altitudeLayer>Building</altitudeLayer>
		<passability>Impassable</passability>
		<blockWind>false</blockWind>
		<fillPercent>0.5</fillPercent>
		<statBases>
			<MaxHitPoints>150</MaxHitPoints>
			<WorkToBuild>3300</WorkToBuild>
			<Flammability>0.4</Flammability>
			<Beauty>2</Beauty>
		</statBases>
		<tickerType>Normal</tickerType>
		<size>(7,2)</size>
		<selectable>true</selectable>
		<drawPlaceWorkersWhileSelected>true</drawPlaceWorkersWhileSelected>
		<rotatable>true</rotatable>
		<designationCategory>Power</designationCategory>
		<terrainAffordanceNeeded>Heavy</terrainAffordanceNeeded>
		<building>
			<allowAutoroof>false</allowAutoroof>
		</building>
		<costList>
			<Steel>120</Steel>
			<ComponentIndustrial>2</ComponentIndustrial>
		</costList>
		<constructEffect>ConstructMetal</constructEffect>
		<placeWorkers>
			<li>PlaceWorker_WindTurbine</li>
		</placeWorkers>
		<comps>
			<li Class="CompProperties_Power">
				<compClass>CompPowerPlantWind</compClass>
				<basePowerConsumption>-2300</basePowerConsumption>
				<transmitsPower>true</transmitsPower>
			</li>
			<li Class="CompProperties_Breakdownable"/>
		</comps>
		<constructionSkillPrerequisite>4</constructionSkillPrerequisite>
		<researchPrerequisites>
			<li>Electricity</li>
		</researchPrerequisites>
	</ThingDef>

</Defs>